<?xml version="1.0" encoding="UTF-8"?>
<settings>
  <servers>
      <server>
        <id>ossrh</id>
        <username>adamsand0r</username>
        <password>82iFgng-e586BCAA</password>
      </server>
  </servers>

  <profiles>
    <profile>
      <id>ossrh</id>
      <activation>
        <activeByDefault>true</activeByDefault>
      </activation>
      <properties>
        <gpg.executable>gpg</gpg.executable>
        <gpg.passphrase>6CBDD+4vY4j47gvi</gpg.passphrase>
      </properties>
    </profile>
  </profiles>
</settings>
